{
  "name": "repo",
  "title": "Repo",
  "description": "Shared",
  "version": "1.0.0",
  "minimumCoreVersion": "0.7.9",
  "compatibleCoreVersion": "9",
  "author": "mwk",
  "authors": [
    {
      "name": "mwk"
    }
  ],
  "packs": [
    {
      "name": "maps",
      "label": "Shared Scenes",
      "path": "/packs/maps.db",
      "entity": "Scene",
      "type": "Scene"
    },
    {
      "name": "actors",
      "label": "Shared Actors",
      "path": "/packs/actors.db",
      "entity": "Actor",
      "type": "Actor"
    },
    {
      "name": "journals",
      "label": "Shared Journals",
      "path": "/packs/journals.db",
      "entity": "JournalEntry",
      "type": "JournalEntry"
    },
    {
      "name": "items",
      "label": "Shared Items",
      "path": "/packs/items.db",
      "entity": "Item",
      "type": "Item"
    },
    {
      "name": "rolltables",
      "label": "Shared Rolltables",
      "path": "/packs/rolltables.db",
      "entity": "RollTable",
      "type": "RollTable"
    },
    {
      "name": "macros",
      "label": "Shared Macros",
      "path": "/packs/macros.db",
      "entity": "Macro",
      "type": "Macro"
    },
    {
      "name": "playlists",
      "label": "Shared Playlists",
      "path": "/packs/playlists.db",
      "entity": "Playlist",
      "type": "Playlist"
    }
  ],
  "esmodules": [
    "./scripts/init.js"
  ],
  "dependencies": [
    {
      "name": "scene-packer",
      "manifest": "https://github.com/League-of-Foundry-Developers/scene-packer/releases/latest/download/module.json",
      "type": "module"
    }
  ],
  "url": "",
  "manifest": "",
  "download": "",
  "manifestPlusVersion": "1.2.0"
}